{
  "var_bpb": 0.990101083045782,
  "params": 32987776,
  "train_min": 1266.9903353889783,
  "var_eval_steps": 128,
  "train_loss": 31.571654795706273
}