{
  "var_bpb": 1.222093209333198,
  "params": 32987776,
  "train_min": 144.4031341592471,
  "var_eval_steps": 128,
  "train_loss": 29.315643953084944
}